Date,HDFC,AXIS,ICICI,KOTAK,SBI,UBI,PNB,INDUSIND,BANDHAN,RBL,IDBI,CANARA,BOI,INDIAN,UCO
2021-03-10,1549.0457763671875,760.75,623.7735595703125,1962.9752197265625,384.1533203125,37.849998474121094,41.5,1034.7476806640625,348.518798828125,69.5,38.25,161.1999969482422,76.94999694824219,132.8611297607422,13.0
2021-03-12,1545.2620849609375,750.5999755859375,611.060791015625,1934.1895751953125,377.6136779785156,37.650001525878906,41.04999923706055,1017.6321411132812,348.0204772949219,69.69999694824219,42.0,157.0,75.8499984741211,129.6085968017578,13.399999618530273
2021-03-15,1522.0625,744.4000244140625,601.7380981445312,1917.69775390625,380.3880615234375,36.95000076293945,40.79999923706055,1033.5535888671875,338.2535705566406,72.1500015258789,40.349998474121094,158.3000030517578,73.5999984741211,125.02547454833984,14.050000190734863
2021-03-16,1505.6336669921875,737.75,593.2130737304688,1902.25537109375,375.08697509765625,36.45000076293945,39.79999923706055,1029.6229248046875,338.3532409667969,77.0,38.650001525878906,157.5500030517578,71.94999694824219,122.8078384399414,14.050000190734863
2021-03-17,1488.906005859375,727.9000244140625,587.7789306640625,1867.422607421875,364.7821350097656,35.150001525878906,38.400001525878906,1003.9993286132812,334.765380859375,76.79000091552734,35.849998474121094,150.25,68.5999984741211,114.6272201538086,13.699999809265137
2021-03-18,1484.57470703125,718.75,576.9107666015625,1829.4915771484375,363.74176025390625,35.150001525878906,37.70000076293945,997.8794555664062,336.559326171875,67.30000305175781,34.900001525878906,146.60000610351562,65.30000305175781,117.28838348388672,13.050000190734863
2021-03-19,1491.0467529296875,726.25,584.9373168945312,1833.2396240234375,367.75469970703125,35.25,38.45000076293945,1006.9348754882812,344.881103515625,70.5,37.349998474121094,151.0,66.69999694824219,117.83047485351562,13.0
2021-03-22,1462.8189697265625,716.2000122070312,571.7758178710938,1821.745361328125,363.6426696777344,34.45000076293945,37.95000076293945,963.3995361328125,351.40899658203125,70.0,37.400001525878906,150.0,68.4000015258789,118.0768814086914,12.5
2021-03-23,1493.685302734375,730.5499877929688,584.6880493164062,1811.7503662109375,369.29052734375,36.0,38.75,985.1920166015625,363.41827392578125,68.0,39.5,153.85000610351562,75.19999694824219,121.37869262695312,12.449999809265137
2021-03-24,1472.4273681640625,706.4000244140625,565.8432006835938,1781.5653076171875,356.5580749511719,34.900001525878906,37.0,953.9959106445312,356.24261474609375,64.5,37.95000076293945,148.35000610351562,72.0999984741211,117.18982696533203,11.899999618530273
2021-03-25,1457.0438232421875,694.5999755859375,569.88134765625,1762.0250244140625,351.95062255859375,34.650001525878906,35.5,953.1002807617188,348.7679443359375,67.8499984741211,37.95000076293945,143.39999389648438,69.25,114.43009185791016,10.899999618530273
2021-03-26,1484.87353515625,698.2000122070312,576.8609008789062,1770.1710205078125,353.93231201171875,33.900001525878906,36.0,948.0750732421875,344.4326477050781,70.97000122070312,38.150001525878906,146.14999389648438,69.69999694824219,116.5491714477539,10.949999809265137
2021-03-30,1547.0045166015625,695.3499755859375,589.7232666015625,1780.365966796875,357.4993591308594,34.099998474121094,36.150001525878906,956.3343505859375,335.3135681152344,65.16999816894531,38.70000076293945,147.0500030517578,69.75,113.74016571044922,10.949999809265137
2021-03-31,1487.21337890625,697.4500122070312,580.4005126953125,1752.1298828125,360.96734619140625,34.04999923706055,36.650001525878906,949.7667236328125,337.7552490234375,64.83000183105469,38.54999923706055,152.1999969482422,67.8499984741211,114.43009185791016,11.0
2021-04-01,1480.343017578125,713.0,592.6646728515625,1803.6544189453125,367.25927734375,34.900001525878906,38.20000076293945,988.4260864257812,349.7147216796875,67.33999633789062,39.0,156.35000610351562,69.9000015258789,116.40132904052734,11.449999809265137
2021-04-05,1443.3531494140625,685.25,569.5822143554688,1758.3267822265625,350.3157043457031,34.04999923706055,36.95000076293945,932.7506103515625,334.3169250488281,70.76000213623047,38.150001525878906,146.75,67.25,113.0009536743164,11.199999809265137
2021-04-06,1434.04345703125,677.9000244140625,564.2478637695312,1767.42236328125,347.3431396484375,35.20000076293945,37.04999923706055,922.7001953125,336.45965576171875,71.31999969482422,38.0,148.0,66.5999984741211,112.1631851196289,11.149999618530273
2021-04-07,1440.9635009765625,688.25,575.9635620117188,1791.110595703125,355.26995849609375,36.79999923706055,37.599998474121094,940.910400390625,348.568603515625,68.7300033569336,37.900001525878906,149.64999389648438,68.69999694824219,113.69087982177734,11.350000381469727
2021-04-08,1426.6256103515625,681.5999755859375,575.016357421875,1782.3648681640625,352.3469543457031,36.599998474121094,37.45000076293945,930.3126831054688,353.8507080078125,70.76000213623047,37.150001525878906,147.1999969482422,68.19999694824219,111.81820678710938,11.300000190734863
2021-04-09,1415.6231689453125,668.2000122070312,564.5469970703125,1798.35693359375,349.7707214355469,37.900001525878906,37.849998474121094,919.1178588867188,357.737548828125,71.83000183105469,37.099998474121094,148.75,74.5,116.30276489257812,11.949999809265137
2021-04-12,1361.158935546875,635.5999755859375,536.9777221679688,1741.6351318359375,325.8416748046875,34.400001525878906,33.95000076293945,840.2567749023438,326.443603515625,75.0,33.79999923706055,132.1999969482422,66.6500015258789,103.19406127929688,11.149999618530273
2021-04-13,1394.3154296875,661.0,558.9633178710938,1774.9686279296875,337.8805236816406,35.099998474121094,35.099998474121094,873.0948486328125,330.7789001464844,82.05000305175781,37.04999923706055,137.35000610351562,71.5,106.3480453491211,11.5
2021-04-15,1423.9371337890625,668.8499755859375,573.5206909179688,1772.369873046875,339.5649719238281,34.400001525878906,34.75,854.1382446289062,325.0981750488281,79.66000366210938,35.79999923706055,135.75,69.1500015258789,101.46923828125,11.399999618530273
2021-04-16,1422.493408203125,669.2000122070312,565.2947998046875,1763.224365234375,336.7905578613281,34.45000076293945,34.79999923706055,858.7156982421875,321.5601501464844,75.8499984741211,35.849998474121094,134.1999969482422,69.6500015258789,101.71563720703125,11.199999809265137
2021-04-19,1406.3134765625,648.1500244140625,558.1157836914062,1699.9058837890625,328.12060546875,32.70000076293945,33.150001525878906,827.9175415039062,303.8701171875,72.0,33.849998474121094,129.3000030517578,64.5999984741211,97.18180084228516,10.899999618530273
2021-04-20,1385.4039306640625,651.75,557.4677124023438,1696.8572998046875,326.4857177734375,32.75,33.70000076293945,840.853759765625,308.1057434082031,69.23999786376953,34.0,128.0500030517578,64.5999984741211,99.25159454345703,10.949999809265137
2021-04-22,1416.3699951171875,658.7000122070312,577.509033203125,1735.1883544921875,333.5703125,32.45000076293945,33.900001525878906,831.5994262695312,308.4545593261719,69.8499984741211,34.099998474121094,130.25,64.1500015258789,99.59656524658203,10.899999618530273
2021-04-23,1408.055908203125,671.3499755859375,568.2860717773438,1733.3392333984375,333.3721618652344,32.70000076293945,34.0,845.8292236328125,312.3912353515625,71.77999877929688,33.95000076293945,130.5,65.1500015258789,105.6581039428711,10.899999618530273
2021-04-26,1398.7462158203125,700.4500122070312,589.374267578125,1758.776611328125,341.1502990722656,33.04999923706055,34.45000076293945,855.3323974609375,312.09222412109375,74.9000015258789,34.099998474121094,135.25,65.25,108.02359008789062,10.949999809265137
2021-04-27,1432.5001220703125,699.5499877929688,597.001953125,1749.4312744140625,349.82025146484375,33.849998474121094,34.95000076293945,878.1200561523438,317.82281494140625,74.3499984741211,34.54999923706055,139.64999389648438,66.0,110.38906860351562,11.050000190734863
2021-04-28,1470.43603515625,708.1500244140625,619.5359497070312,1810.5509033203125,360.0755920410156,34.400001525878906,35.650001525878906,922.3519287109375,327.390380859375,75.63999938964844,35.70000076293945,143.10000610351562,68.1500015258789,111.76893615722656,11.100000381469727
2021-04-29,1466.1544189453125,719.4000244140625,619.6356811523438,1804.1041259765625,356.1121826171875,34.75,35.04999923706055,934.84033203125,330.9782409667969,76.12000274658203,35.400001525878906,139.5,67.5,110.24122619628906,11.050000190734863
2021-04-30,1406.2139892578125,714.9000244140625,598.746826171875,1747.93212890625,350.26617431640625,34.20000076293945,34.849998474121094,930.3624267578125,328.63616943359375,74.55000305175781,35.25,138.75,66.3499984741211,108.41783142089844,11.0
2021-05-03,1408.3546142578125,702.75,595.0078125,1724.593505859375,347.3927001953125,34.0,34.5,909.1171264648438,317.77301025390625,71.08000183105469,36.20000076293945,138.75,65.55000305175781,107.0872573852539,11.199999809265137
2021-05-04,1382.3670654296875,700.3499755859375,589.8229370117188,1731.7900390625,348.2844543457031,35.599998474121094,37.45000076293945,905.6841430664062,316.5770263671875,69.62000274658203,36.400001525878906,141.35000610351562,68.55000305175781,112.1631851196289,11.399999618530273
2021-05-05,1396.5556640625,717.2000122070312,601.0401000976562,1769.87109375,352.1487731933594,36.5,37.45000076293945,926.5810546875,310.19866943359375,66.58999633789062,37.95000076293945,145.60000610351562,69.19999694824219,112.90239715576172,11.399999618530273
2021-05-06,1394.863037109375,715.75,606.4243774414062,1787.3624267578125,352.2973937988281,36.0,36.400001525878906,920.4114990234375,293.75439453125,65.05999755859375,40.54999923706055,143.4499969482422,68.30000305175781,112.21245574951172,11.350000381469727
2021-05-07,1408.6533203125,716.75,605.3275756835938,1779.46630859375,354.97271728515625,34.54999923706055,36.25,921.6553344726562,296.3456115722656,67.9000015258789,38.900001525878906,144.3000030517578,67.6500015258789,111.276123046875,11.300000190734863
2021-05-10,1413.7313232421875,715.25,611.4595947265625,1808.451904296875,358.3911437988281,34.5,35.599998474121094,940.7611694335938,294.9503479003906,64.0,38.20000076293945,147.14999389648438,68.0,116.35205078125,11.399999618530273
2021-05-11,1397.501708984375,707.3499755859375,608.0695190429688,1754.57861328125,361.31414794921875,35.29999923706055,35.04999923706055,944.1942138671875,289.9672546386719,77.6500015258789,38.75,150.10000610351562,69.4000015258789,122.01934814453125,11.699999809265137
2021-05-12,1393.4691162109375,691.2999877929688,593.0136108398438,1717.996826171875,364.3362731933594,37.25,37.099998474121094,912.1522216796875,287.17669677734375,75.52999877929688,38.849998474121094,152.1999969482422,72.75,126.65174102783203,12.600000381469727
2021-05-14,1380.87353515625,685.0,595.55615234375,1705.802978515625,357.152587890625,37.400001525878906,36.79999923706055,886.478759765625,279.60235595703125,70.94999694824219,38.20000076293945,147.5500030517578,74.25,124.03985595703125,12.800000190734863
2021-05-17,1434.04345703125,709.25,621.7793579101562,1743.2843017578125,379.59539794921875,37.95000076293945,37.650001525878906,951.7569580078125,283.3396911621094,76.93000030517578,38.349998474121094,153.5,75.5,123.84273529052734,12.899999618530273
2021-05-18,1470.3363037109375,711.6500244140625,631.3513793945312,1754.2288818359375,378.7531433105469,36.79999923706055,37.349998474121094,969.76806640625,290.2164001464844,74.98999786376953,37.95000076293945,146.64999389648438,74.6500015258789,121.87150573730469,12.699999809265137
2021-05-19,1451.916015625,716.7999877929688,623.6240234375,1729.691162109375,380.88348388671875,36.650001525878906,36.20000076293945,962.255126953125,288.57196044921875,75.22000122070312,38.79999923706055,146.39999389648438,77.5,125.22260284423828,12.600000381469727
2021-05-20,1426.6256103515625,705.9000244140625,616.7940063476562,1707.3521728515625,381.0321044921875,36.849998474121094,37.5,970.7134399414062,293.1065979003906,76.33000183105469,38.54999923706055,147.39999389648438,77.44999694824219,124.82835388183594,12.550000190734863
2021-05-21,1490.84765625,730.9000244140625,640.5744018554688,1756.7777099609375,397.5298156738281,37.400001525878906,38.04999923706055,1011.0147094726562,298.6378479003906,82.5,38.79999923706055,152.85000610351562,78.4000015258789,138.2820281982422,12.699999809265137
2021-05-24,1503.4429931640625,741.1500244140625,645.4600219726562,1756.1279296875,408.280517578125,38.400001525878906,39.79999923706055,999.8199462890625,297.6910705566406,89.2300033569336,39.099998474121094,154.35000610351562,78.8499984741211,142.81585693359375,13.050000190734863
2021-05-25,1472.57666015625,731.5499877929688,648.4014282226562,1749.6312255859375,408.5777893066406,35.0,39.349998474121094,989.023193359375,293.1065979003906,89.31999969482422,38.599998474121094,150.4499969482422,77.0,140.40109252929688,13.0
2021-05-26,1470.6849365234375,735.0999755859375,650.5950317382812,1739.7861328125,409.7668151855469,34.099998474121094,39.25,993.5508422851562,291.11334228515625,89.70999908447266,38.650001525878906,149.5500030517578,76.9000015258789,140.64749145507812,12.949999809265137
2021-05-27,1476.2607421875,750.3499755859375,650.3457641601562,1776.367919921875,421.31024169921875,33.95000076293945,42.150001525878906,1001.9096069335938,294.3523864746094,97.47000122070312,38.650001525878906,153.64999389648438,77.0,138.82411193847656,13.149999618530273
2021-05-28,1496.9710693359375,739.8499755859375,641.172607421875,1799.856201171875,418.1890563964844,34.349998474121094,42.25,1014.3482666015625,302.474853515625,93.7699966430664,38.45000076293945,161.89999389648438,77.55000305175781,140.49966430664062,13.550000190734863
2021-06-01,1505.185546875,745.1500244140625,648.2020263671875,1796.108154296875,428.5929870605469,34.349998474121094,41.650001525878906,1005.0938720703125,301.8270263671875,96.88999938964844,37.75,159.0500030517578,76.19999694824219,134.09315490722656,13.199999809265137
2021-06-02,1497.5186767578125,737.0,646.4570922851562,1782.2149658203125,433.25,35.25,44.0,1022.955810546875,310.64715576171875,99.86000061035156,39.20000076293945,163.8000030517578,78.3499984741211,141.18959045410156,13.449999809265137
2021-06-03,1513.9974365234375,750.6500244140625,648.3516235351562,1813.299560546875,439.6499938964844,35.400001525878906,43.70000076293945,1000.8150024414062,316.62689208984375,96.5,38.79999923706055,163.25,80.19999694824219,144.4914093017578,13.399999618530273
2021-06-04,1494.4818115234375,742.0499877929688,640.8236694335938,1810.301025390625,433.6000061035156,35.45000076293945,43.099998474121094,1004.3475952148438,313.7864990234375,99.56999969482422,39.349998474121094,161.10000610351562,82.4000015258789,141.33743286132812,13.5
2021-06-07,1493.3865966796875,751.0999755859375,646.3076171875,1813.999267578125,432.25,35.599998474121094,42.099998474121094,1020.1695556640625,318.9190979003906,93.44000244140625,39.29999923706055,160.89999389648438,84.5999984741211,140.69677734375,13.600000381469727
2021-06-08,1476.6590576171875,746.3499755859375,640.5245361328125,1792.659912109375,427.20001220703125,35.650001525878906,41.45000076293945,1015.1444091796875,315.4309387207031,91.41000366210938,39.70000076293945,157.9499969482422,82.0999984741211,137.641357421875,13.899999618530273
2021-06-09,1473.9208984375,736.75,634.2428588867188,1782.01513671875,421.45001220703125,35.29999923706055,40.599998474121094,998.6257934570312,316.42755126953125,91.04000091552734,39.0,155.75,80.25,137.19784545898438,13.600000381469727
2021-06-10,1474.667724609375,744.25,638.5303955078125,1798.6568603515625,432.25,35.900001525878906,42.5,1019.32373046875,319.21807861328125,91.0,39.150001525878906,156.9499969482422,80.75,141.33743286132812,13.649999618530273
2021-06-11,1479.94482421875,738.4500122070312,633.8441162109375,1793.4593505859375,429.6000061035156,35.95000076293945,42.04999923706055,1010.1190795898438,318.3211364746094,92.81999969482422,39.0,155.89999389648438,80.4000015258789,138.52842712402344,13.649999618530273
2021-06-14,1473.074462890625,736.25,633.2957153320312,1767.1724853515625,430.3500061035156,37.400001525878906,43.04999923706055,1019.2740478515625,315.7797546386719,87.80000305175781,38.70000076293945,154.75,79.19999694824219,143.94932556152344,13.699999809265137
2021-06-15,1483.8280029296875,750.9000244140625,643.416015625,1770.0211181640625,429.5,37.25,42.400001525878906,1029.3741455078125,320.8625183105469,89.80000305175781,38.849998474121094,154.35000610351562,79.5999984741211,141.83023071289062,14.25
2021-06-16,1478.2022705078125,749.7999877929688,638.231201171875,1759.7261962890625,425.95001220703125,37.45000076293945,41.75,1008.7260131835938,319.8160705566406,82.58999633789062,38.75,152.14999389648438,78.44999694824219,139.07052612304688,14.050000190734863
2021-06-17,1459.781982421875,738.5999755859375,631.1519775390625,1765.1734619140625,420.25,38.099998474121094,41.099998474121094,979.2214965820312,317.82281494140625,82.9800033569336,38.349998474121094,151.35000610351562,77.0999984741211,138.18345642089844,13.949999809265137
2021-06-18,1473.423095703125,736.2999877929688,628.5595703125,1759.576171875,412.8999938964844,37.79999923706055,40.29999923706055,990.5158081054688,315.5804138183594,81.13999938964844,37.5,147.39999389648438,75.25,137.9370574951172,13.649999618530273
2021-06-21,1482.28466796875,739.5499877929688,629.4070434570312,1771.1705322265625,419.75,39.79999923706055,41.70000076293945,1002.6061401367188,339.9976501464844,82.51000213623047,38.5,152.3000030517578,79.05000305175781,143.35794067382812,14.350000381469727
2021-06-22,1477.4058837890625,739.3499755859375,629.0082397460938,1756.2279052734375,418.6499938964844,40.150001525878906,41.29999923706055,995.1926879882812,340.9942932128906,82.44000244140625,38.599998474121094,151.75,78.75,148.9266815185547,14.550000190734863
2021-06-23,1479.0985107421875,732.3499755859375,622.876220703125,1735.8380126953125,418.8500061035156,39.20000076293945,42.25,994.6454467773438,332.0246887207031,84.86000061035156,39.400001525878906,151.9499969482422,78.30000305175781,147.25112915039062,14.75
2021-06-24,1499.759033203125,739.1500244140625,632.1988525390625,1737.0374755859375,417.20001220703125,38.349998474121094,41.54999923706055,995.7400512695312,332.2738342285156,87.33999633789062,38.79999923706055,149.0500030517578,77.0,145.23062133789062,14.5
2021-06-25,1508.5709228515625,761.3499755859375,647.105224609375,1734.138916015625,428.79998779296875,39.45000076293945,42.29999923706055,1007.929931640625,331.87518310546875,87.0,38.400001525878906,153.39999389648438,77.6500015258789,146.36407470703125,14.550000190734863
2021-06-28,1501.8499755859375,762.4000244140625,648.4014282226562,1732.18994140625,426.75,39.349998474121094,43.349998474121094,1003.9495849609375,345.5289306640625,93.04000091552734,38.349998474121094,156.9499969482422,80.5,152.3763427734375,15.300000190734863
2021-06-29,1502.050048828125,751.9500122070312,638.231201171875,1705.0032958984375,421.5,39.20000076293945,43.0,1013.1541748046875,334.66571044921875,92.5999984741211,38.25,153.75,78.6500015258789,142.71730041503906,14.949999809265137
2021-06-30,1497.9000244140625,748.2999877929688,629.05810546875,1705.0032958984375,419.20001220703125,38.54999923706055,42.29999923706055,1011.3629760742188,329.1344909667969,89.9800033569336,37.900001525878906,151.85000610351562,77.9000015258789,142.6187286376953,15.199999809265137
2021-07-01,1486.75,746.4500122070312,629.0082397460938,1715.2481689453125,420.3999938964844,38.70000076293945,42.349998474121094,1002.7554321289062,325.19781494140625,85.81999969482422,37.75,153.60000610351562,77.6500015258789,139.9082794189453,15.149999618530273
2021-07-02,1480.4000244140625,750.6500244140625,638.3807983398438,1714.2987060546875,424.3999938964844,39.04999923706055,42.099998474121094,1004.6959228515625,320.56353759765625,86.19999694824219,38.25,153.75,77.05000305175781,140.10540771484375,15.100000381469727
2021-07-06,1534.699951171875,758.3499755859375,648.4014282226562,1754.478759765625,429.75,37.70000076293945,41.849998474121094,1025.990966796875,319.3177490234375,86.9800033569336,37.70000076293945,153.5,76.5,138.62698364257812,14.600000381469727
2021-07-07,1539.5,762.9000244140625,652.0906372070312,1760.9256591796875,432.8500061035156,37.95000076293945,41.70000076293945,1039.77294921875,319.46722412109375,86.4000015258789,37.75,154.5500030517578,76.1500015258789,137.0500030517578,14.449999809265137
2021-07-08,1520.449951171875,754.4000244140625,640.0260009765625,1731.4403076171875,424.45001220703125,37.04999923706055,41.04999923706055,1040.3201904296875,313.0390319824219,86.87999725341797,37.599998474121094,151.8000030517578,75.5999984741211,135.64999389648438,14.399999618530273
2021-07-09,1502.0,747.3499755859375,636.6857299804688,1719.1962890625,423.75,36.75,41.0,1034.84716796875,315.6800842285156,86.26000213623047,38.79999923706055,151.1999969482422,75.3499984741211,136.0,14.300000190734863
2021-07-12,1487.0,753.5999755859375,644.36328125,1731.09033203125,427.45001220703125,36.900001525878906,40.900001525878906,1044.1513671875,314.58380126953125,86.54000091552734,38.75,151.75,75.55000305175781,136.10000610351562,14.25
2021-07-13,1501.8499755859375,770.75,663.0086669921875,1746.2828369140625,429.1000061035156,37.0,40.900001525878906,1050.718994140625,315.8794250488281,84.0199966430664,38.54999923706055,153.35000610351562,76.30000305175781,136.0,14.300000190734863
2021-07-14,1499.1500244140625,770.0499877929688,662.410400390625,1747.2823486328125,431.04998779296875,36.849998474121094,40.70000076293945,1047.43505859375,316.8262023925781,79.16999816894531,38.20000076293945,151.60000610351562,75.8499984741211,136.9499969482422,14.100000381469727
2021-07-15,1520.699951171875,774.1500244140625,665.5014038085938,1749.181396484375,431.70001220703125,36.45000076293945,40.349998474121094,1049.9228515625,318.6201171875,77.27999877929688,37.95000076293945,150.5500030517578,75.44999694824219,138.25,14.050000190734863
2021-07-16,1522.3499755859375,771.1500244140625,658.3722534179688,1748.6317138671875,430.0,36.599998474121094,40.849998474121094,1039.1759033203125,308.1057434082031,77.55999755859375,37.79999923706055,151.3000030517578,75.19999694824219,138.14999389648438,14.050000190734863
2021-07-19,1471.0,755.2000122070312,653.985107421875,1721.9449462890625,427.8999938964844,37.0,40.29999923706055,1010.8654174804688,307.3582763671875,79.23999786376953,37.849998474121094,148.14999389648438,73.9000015258789,139.3000030517578,13.850000381469727
2021-07-20,1443.1500244140625,745.75,640.0260009765625,1701.804931640625,420.8999938964844,35.900001525878906,39.75,976.7337646484375,301.6277160644531,79.86000061035156,37.400001525878906,144.4499969482422,71.5,137.8000030517578,13.600000381469727
2021-07-22,1448.699951171875,746.75,654.0349731445312,1706.3526611328125,422.04998779296875,36.150001525878906,40.0,987.2817993164062,303.8701171875,82.02999877929688,37.75,144.89999389648438,72.19999694824219,140.0500030517578,13.550000190734863
2021-07-23,1442.75,755.4000244140625,674.674560546875,1722.0948486328125,428.8999938964844,36.54999923706055,40.04999923706055,984.4457397460938,304.01959228515625,81.83000183105469,37.45000076293945,146.0500030517578,72.75,138.89999389648438,13.550000190734863
2021-07-26,1434.550048828125,756.2999877929688,674.7742309570312,1739.736083984375,423.29998779296875,36.04999923706055,39.349998474121094,976.4849853515625,296.7442626953125,77.62999725341797,38.20000076293945,146.64999389648438,71.8499984741211,139.60000610351562,13.5
2021-07-27,1439.75,731.7000122070312,675.4722290039062,1697.107177734375,429.95001220703125,35.95000076293945,39.150001525878906,971.011962890625,294.7012023925781,76.19000244140625,38.0,148.8000030517578,70.8499984741211,137.25,13.800000190734863
2021-07-28,1417.300048828125,722.9000244140625,683.0499877929688,1652.0296630859375,425.5,35.5,38.400001525878906,987.8787841796875,295.04998779296875,79.12999725341797,37.70000076293945,143.25,69.9000015258789,135.0,13.699999809265137
2021-07-29,1418.25,717.25,687.5,1640.835205078125,441.54998779296875,37.849998474121094,39.400001525878906,987.1822509765625,292.5,76.8499984741211,37.79999923706055,149.64999389648438,71.6500015258789,138.8000030517578,13.800000190734863
2021-07-30,1426.449951171875,708.9000244140625,682.5,1653.978759765625,431.79998779296875,36.849998474121094,39.5,976.1864624023438,291.25,76.9800033569336,37.95000076293945,153.1999969482422,74.4000015258789,139.0,13.800000190734863
2021-08-02,1422.6500244140625,721.1500244140625,681.4000244140625,1664.2735595703125,434.8999938964844,36.79999923706055,40.70000076293945,983.152099609375,299.54998779296875,78.30999755859375,37.79999923706055,155.60000610351562,74.19999694824219,139.3000030517578,13.75
2021-08-03,1434.699951171875,738.5999755859375,690.4000244140625,1684.8133544921875,446.5,37.400001525878906,40.29999923706055,1017.0350341796875,300.6000061035156,77.48999786376953,37.95000076293945,157.14999389648438,74.3499984741211,141.8000030517578,13.550000190734863
2021-08-04,1465.300048828125,753.7999877929688,714.6500244140625,1749.0814208984375,456.95001220703125,36.70000076293945,39.400001525878906,1015.5423583984375,301.95001220703125,81.6500015258789,37.70000076293945,156.8000030517578,72.5999984741211,140.14999389648438,13.300000190734863
2021-08-05,1484.8499755859375,749.2999877929688,702.4500122070312,1770.87060546875,441.8500061035156,36.099998474121094,38.849998474121094,992.8045043945312,308.20001220703125,80.56999969482422,37.25,156.35000610351562,70.8499984741211,135.35000610351562,13.199999809265137
2021-08-06,1492.6500244140625,740.8499755859375,697.6500244140625,1776.31787109375,435.6499938964844,35.95000076293945,39.54999923706055,1024.448486328125,303.8500061035156,77.91999816894531,37.54999923706055,157.35000610351562,70.9000015258789,135.25,13.350000381469727
2021-08-09,1503.9000244140625,755.5,702.8499755859375,1780.01611328125,433.3999938964844,35.650001525878906,38.75,1037.6832275390625,301.29998779296875,85.51000213623047,38.54999923706055,154.6999969482422,69.69999694824219,134.60000610351562,13.100000381469727
2021-08-10,1507.6500244140625,761.5499877929688,700.9000244140625,1812.3499755859375,426.45001220703125,34.54999923706055,37.5,1028.5283203125,296.25,85.08000183105469,37.54999923706055,152.8000030517578,67.4000015258789,129.9499969482422,12.850000381469727
2021-08-11,1494.949951171875,760.7999877929688,693.5499877929688,1780.5999755859375,428.04998779296875,34.70000076293945,37.400001525878906,1036.091064453125,295.20001220703125,84.69000244140625,37.349998474121094,154.10000610351562,67.44999694824219,128.39999389648438,12.600000381469727
2021-08-12,1501.4000244140625,757.3499755859375,701.3499755859375,1787.699951171875,427.1499938964844,35.04999923706055,37.79999923706055,1030.269775390625,294.95001220703125,82.6500015258789,38.150001525878906,155.6999969482422,68.8499984741211,130.9499969482422,13.25
2021-08-13,1526.199951171875,759.9000244140625,704.7999877929688,1788.0,431.20001220703125,35.0,37.75,1019.124755859375,293.54998779296875,83.95999908447266,38.29999923706055,156.0,68.4000015258789,129.9499969482422,13.899999618530273
2021-08-16,1530.5999755859375,762.0,702.6500244140625,1782.3499755859375,424.8500061035156,35.0,37.45000076293945,1014.0,294.6499938964844,79.56999969482422,38.099998474121094,157.4499969482422,67.75,131.6999969482422,13.5
2021-08-17,1514.6500244140625,756.75,701.2000122070312,1788.3499755859375,421.5,34.29999923706055,36.75,1000.2000122070312,293.45001220703125,78.68000030517578,38.04999923706055,152.64999389648438,66.69999694824219,125.8499984741211,13.100000381469727
2021-08-18,1513.0,754.4000244140625,688.2999877929688,1749.699951171875,419.70001220703125,34.70000076293945,36.5,989.6500244140625,290.3500061035156,83.45999908447266,37.599998474121094,157.14999389648438,66.69999694824219,125.30000305175781,12.949999809265137
2021-08-20,1514.75,740.25,680.7000122070312,1703.550048828125,406.70001220703125,33.5,35.599998474121094,979.4500122070312,278.1499938964844,82.7699966430664,37.45000076293945,152.8000030517578,64.1500015258789,121.6500015258789,12.850000381469727
2021-08-23,1524.5999755859375,736.0999755859375,682.7000122070312,1716.8499755859375,409.5,33.0,36.150001525878906,988.5999755859375,266.6499938964844,85.05999755859375,36.75,152.89999389648438,62.5,116.25,12.550000190734863
2021-08-24,1558.8499755859375,746.3499755859375,694.4500122070312,1704.9000244140625,417.6000061035156,33.349998474121094,36.349998474121094,1005.0499877929688,264.75,89.26000213623047,37.099998474121094,155.6999969482422,63.5,117.69999694824219,12.600000381469727
2021-08-25,1557.4000244140625,739.0499877929688,691.0499877929688,1697.199951171875,416.25,33.5,36.45000076293945,1005.5499877929688,264.6000061035156,90.33999633789062,37.79999923706055,151.0500030517578,64.8499984741211,123.4000015258789,12.649999618530273
2021-08-26,1554.800048828125,746.3499755859375,698.7999877929688,1697.5,410.75,33.54999923706055,35.79999923706055,1001.5,265.04998779296875,85.80999755859375,37.95000076293945,152.85000610351562,65.75,122.8499984741211,12.600000381469727
2021-08-27,1548.449951171875,752.4000244140625,699.75,1713.550048828125,412.45001220703125,34.150001525878906,36.150001525878906,990.2000122070312,276.1000061035156,85.4000015258789,38.5,151.60000610351562,67.4000015258789,123.4000015258789,12.699999809265137
2021-08-30,1568.25,784.0499877929688,713.6500244140625,1735.8499755859375,422.70001220703125,34.900001525878906,36.75,1005.0999755859375,285.8999938964844,81.87000274658203,38.5,155.25,67.94999694824219,121.5,12.949999809265137
2021-08-31,1581.4000244140625,786.5,719.0499877929688,1753.699951171875,426.04998779296875,35.400001525878906,36.650001525878906,992.4000244140625,285.0,82.05000305175781,38.5,159.10000610351562,66.3499984741211,125.0,12.800000190734863
2021-09-01,1579.0999755859375,798.9000244140625,719.9000244140625,1746.6500244140625,429.8999938964844,35.349998474121094,37.349998474121094,998.75,285.6499938964844,84.44999694824219,38.45000076293945,161.0500030517578,63.54999923706055,126.6500015258789,12.800000190734863
2021-09-02,1589.0,802.7000122070312,725.1500244140625,1776.4000244140625,429.75,35.20000076293945,37.45000076293945,1010.0999755859375,283.6000061035156,84.5999984741211,38.70000076293945,159.10000610351562,59.599998474121094,125.5,12.800000190734863
2021-09-03,1576.050048828125,798.0,724.2999877929688,1791.8499755859375,431.3999938964844,35.349998474121094,38.04999923706055,1003.75,285.70001220703125,82.87000274658203,38.150001525878906,160.6999969482422,59.29999923706055,125.44999694824219,12.850000381469727
2021-09-07,1569.25,787.8499755859375,716.9000244140625,1764.8499755859375,429.1000061035156,34.75,37.400001525878906,1001.25,282.95001220703125,84.97000122070312,39.099998474121094,156.10000610351562,57.95000076293945,122.3499984741211,12.800000190734863
2021-09-08,1576.4000244140625,794.7000122070312,720.9500122070312,1815.3499755859375,431.3500061035156,34.849998474121094,37.650001525878906,999.5999755859375,285.95001220703125,83.51000213623047,38.54999923706055,157.75,57.5,123.19999694824219,12.800000190734863
2021-09-09,1568.5999755859375,790.1500244140625,720.25,1817.8499755859375,432.29998779296875,34.900001525878906,37.54999923706055,999.5,283.6000061035156,86.3499984741211,38.349998474121094,157.5,57.20000076293945,124.9000015258789,14.199999809265137
2021-09-13,1555.550048828125,788.3499755859375,707.4000244140625,1840.050048828125,432.8500061035156,34.650001525878906,37.599998474121094,996.2999877929688,283.95001220703125,84.6500015258789,39.349998474121094,156.8000030517578,56.20000076293945,125.0,13.800000190734863
2021-09-14,1548.550048828125,794.4000244140625,707.4500122070312,1867.75,433.0,34.45000076293945,37.79999923706055,1036.5999755859375,284.3500061035156,82.33000183105469,39.0,155.25,56.099998474121094,128.60000610351562,13.550000190734863
2021-09-15,1546.800048828125,791.4000244140625,714.3499755859375,1871.699951171875,443.8500061035156,34.849998474121094,38.75,1053.949951171875,291.1499938964844,82.1500015258789,39.25,161.60000610351562,56.79999923706055,133.85000610351562,13.600000381469727
2021-09-16,1559.949951171875,802.5999755859375,727.2000122070312,1906.800048828125,463.70001220703125,36.70000076293945,41.79999923706055,1130.949951171875,297.6499938964844,81.41999816894531,42.150001525878906,166.75,60.04999923706055,139.1999969482422,14.350000381469727
2021-09-17,1582.1500244140625,807.3499755859375,720.1500244140625,2007.949951171875,454.1000061035156,35.900001525878906,39.75,1130.0,287.25,80.80999755859375,39.150001525878906,162.75,58.25,137.0500030517578,13.899999618530273
2021-09-20,1559.8499755859375,795.8499755859375,710.0,2001.449951171875,437.45001220703125,34.599998474121094,38.099998474121094,1089.949951171875,281.20001220703125,77.7699966430664,36.95000076293945,154.9499969482422,55.95000076293945,133.10000610351562,13.649999618530273
2021-09-21,1551.949951171875,795.3499755859375,711.8499755859375,2010.949951171875,438.79998779296875,34.95000076293945,38.099998474121094,1137.550048828125,280.3999938964844,78.8499984741211,39.150001525878906,154.9499969482422,54.70000076293945,129.85000610351562,13.449999809265137
2021-09-22,1533.699951171875,788.3499755859375,703.3499755859375,1985.550048828125,438.8500061035156,35.04999923706055,38.150001525878906,1141.4000244140625,284.0,81.18000030517578,38.45000076293945,156.85000610351562,54.5,132.0,13.399999618530273
2021-09-23,1570.0,812.1500244140625,717.0,2024.0,449.79998779296875,34.849998474121094,38.5,1169.1500244140625,288.75,82.27999877929688,38.95000076293945,160.8000030517578,54.599998474121094,131.9499969482422,13.449999809265137
2021-09-24,1601.550048828125,798.0499877929688,722.9500122070312,2028.0999755859375,440.75,34.599998474121094,37.900001525878906,1163.050048828125,282.1000061035156,83.22000122070312,38.79999923706055,157.6999969482422,53.95000076293945,128.3000030517578,13.350000381469727
2021-09-27,1625.0999755859375,796.9500122070312,730.0,2033.3499755859375,446.6000061035156,34.599998474121094,38.349998474121094,1150.699951171875,286.8999938964844,79.98999786376953,41.25,159.89999389648438,53.099998474121094,125.0,13.199999809265137
2021-09-28,1615.050048828125,789.2000122070312,717.1500244140625,2068.199951171875,444.8999938964844,35.0,39.150001525878906,1134.75,286.6499938964844,77.05000305175781,44.70000076293945,163.6999969482422,53.04999923706055,130.35000610351562,13.199999809265137
2021-09-29,1593.8499755859375,782.1500244140625,709.5,2030.449951171875,460.0,36.400001525878906,39.650001525878906,1123.199951171875,284.3999938964844,76.30999755859375,44.95000076293945,168.14999389648438,55.099998474121094,134.1999969482422,13.350000381469727
2021-09-30,1594.949951171875,766.5499877929688,700.8499755859375,2005.5,453.0,36.25,40.099998474121094,1111.9000244140625,283.0,75.55000305175781,46.29999923706055,173.0,55.5,140.35000610351562,13.649999618530273
2021-10-01,1582.699951171875,768.1500244140625,692.3499755859375,1993.550048828125,451.6499938964844,36.45000076293945,40.599998474121094,1104.050048828125,289.0,75.58999633789062,49.95000076293945,176.85000610351562,56.599998474121094,141.8000030517578,13.649999618530273
2021-10-04,1585.75,779.0,700.2000122070312,1990.949951171875,463.1499938964844,37.599998474121094,41.099998474121094,1119.800048828125,295.3500061035156,77.80000305175781,48.099998474121094,182.10000610351562,57.79999923706055,142.64999389648438,13.75
2021-10-05,1595.449951171875,782.5999755859375,697.0999755859375,1982.3499755859375,464.70001220703125,37.099998474121094,41.04999923706055,1168.5999755859375,298.3999938964844,72.56999969482422,47.150001525878906,179.75,57.5,140.10000610351562,13.75
2021-10-06,1614.9000244140625,778.9500122070312,689.5,1955.75,457.20001220703125,36.45000076293945,39.900001525878906,1131.8499755859375,305.6499938964844,73.69999694824219,44.400001525878906,174.4499969482422,56.099998474121094,139.14999389648438,13.5
2021-10-07,1610.5,777.0999755859375,702.2000122070312,1952.449951171875,457.8999938964844,37.29999923706055,39.900001525878906,1166.699951171875,328.54998779296875,74.80000305175781,44.95000076293945,174.85000610351562,56.400001525878906,139.6999969482422,13.550000190734863
2021-10-08,1602.6500244140625,781.9500122070312,703.4000244140625,1936.3499755859375,458.0,37.54999923706055,40.29999923706055,1174.4000244140625,345.79998779296875,70.44000244140625,47.849998474121094,177.25,57.5,141.5,14.800000190734863
2021-10-11,1633.800048828125,787.1500244140625,713.2999877929688,1975.4000244140625,469.25,38.150001525878906,40.45000076293945,1173.25,326.5,70.22000122070312,48.45000076293945,176.64999389648438,57.70000076293945,145.8000030517578,14.25
2021-10-12,1629.5999755859375,797.1500244140625,708.5999755859375,1995.0999755859375,483.0,39.650001525878906,41.25,1181.9000244140625,328.1000061035156,71.9000015258789,58.099998474121094,187.0500030517578,58.599998474121094,159.8000030517578,14.300000190734863
2021-10-13,1639.4000244140625,794.5999755859375,709.9500122070312,2009.3499755859375,481.70001220703125,44.400001525878906,41.45000076293945,1184.5,328.1499938964844,74.77999877929688,59.20000076293945,186.60000610351562,59.25,163.5500030517578,14.350000381469727
2021-10-14,1687.4000244140625,802.0499877929688,727.2999877929688,2017.800048828125,490.6000061035156,44.79999923706055,42.54999923706055,1210.0,323.3999938964844,74.3499984741211,62.5,193.5500030517578,59.849998474121094,164.5,14.300000190734863
2021-10-18,1670.300048828125,813.2999877929688,745.4500122070312,2011.5999755859375,497.95001220703125,48.900001525878906,46.0,1219.5999755859375,331.95001220703125,77.80000305175781,59.70000076293945,198.9499969482422,62.20000076293945,171.4499969482422,14.649999618530273
2021-10-19,1688.699951171875,801.6500244140625,747.4500122070312,2035.3499755859375,488.20001220703125,45.400001525878906,44.150001525878906,1194.0,315.79998779296875,79.16999816894531,55.150001525878906,190.6999969482422,60.29999923706055,159.14999389648438,14.300000190734863
2021-10-20,1673.8499755859375,804.7999877929688,745.8499755859375,2015.449951171875,499.8999938964844,47.70000076293945,43.099998474121094,1201.699951171875,316.6000061035156,78.58000183105469,56.75,195.3000030517578,59.599998474121094,163.4499969482422,14.100000381469727
2021-10-21,1676.300048828125,807.7999877929688,755.5,2143.75,502.95001220703125,50.650001525878906,44.650001525878906,1184.4000244140625,316.5,83.19000244140625,55.54999923706055,199.60000610351562,61.25,174.1999969482422,14.649999618530273
2021-10-22,1680.75,816.7000122070312,759.2999877929688,2171.39990234375,502.95001220703125,49.099998474121094,43.95000076293945,1196.4000244140625,323.25,83.9800033569336,53.20000076293945,198.60000610351562,60.95000076293945,182.5,14.449999809265137
2021-10-25,1657.0,845.0999755859375,841.7000122070312,2154.5,506.5,48.29999923706055,44.900001525878906,1177.75,310.79998779296875,83.20999908447266,52.54999923706055,201.9499969482422,61.099998474121094,187.6999969482422,14.550000190734863
2021-10-26,1652.75,841.9000244140625,829.4000244140625,2210.949951171875,512.5499877929688,48.25,45.849998474121094,1154.9000244140625,305.3999938964844,80.88999938964844,53.349998474121094,193.35000610351562,61.849998474121094,186.10000610351562,14.75
2021-10-27,1642.800048828125,787.5,835.0,2188.25,519.1500244140625,50.54999923706055,46.29999923706055,1142.550048828125,296.1499938964844,80.68000030517578,53.25,200.8000030517578,62.79999923706055,189.4499969482422,14.649999618530273
2021-10-28,1593.5999755859375,758.3499755859375,798.7000122070312,2098.5,501.3500061035156,46.75,41.349998474121094,1176.0,298.29998779296875,82.75,51.099998474121094,195.39999389648438,59.45000076293945,174.3000030517578,14.399999618530273
2021-10-29,1582.8499755859375,742.0,802.0499877929688,2031.1500244140625,502.1499938964844,46.150001525878906,42.099998474121094,1140.199951171875,291.45001220703125,84.0199966430664,51.04999923706055,214.5,59.900001525878906,172.10000610351562,14.399999618530273
2021-11-01,1605.300048828125,752.3499755859375,803.9000244140625,2076.5,515.7000122070312,46.650001525878906,42.099998474121094,1229.0999755859375,287.75,81.13999938964844,52.599998474121094,214.64999389648438,60.400001525878906,172.10000610351562,14.350000381469727
2021-11-02,1606.75,755.8499755859375,800.9500122070312,2076.64990234375,521.7000122070312,49.29999923706055,42.099998474121094,1212.550048828125,311.0,79.58999633789062,56.95000076293945,224.25,62.54999923706055,173.1999969482422,14.350000381469727
2021-11-03,1581.449951171875,750.5999755859375,785.9500122070312,2037.550048828125,527.6500244140625,47.54999923706055,41.349998474121094,1177.949951171875,300.3500061035156,78.36000061035156,53.599998474121094,225.9499969482422,62.599998474121094,167.25,14.25
2021-11-04,1593.949951171875,752.9500122070312,782.0999755859375,2057.0,530.4500122070312,49.150001525878906,41.900001525878906,1189.0999755859375,299.5,82.52999877929688,55.099998474121094,228.8000030517578,63.099998474121094,172.85000610351562,14.399999618530273
2021-11-08,1600.25,751.0499877929688,780.1500244140625,2118.85009765625,523.25,53.79999923706055,42.400001525878906,1061.1500244140625,295.5,77.0,53.0,244.25,63.20000076293945,176.5500030517578,14.550000190734863
2021-11-09,1572.25,745.0499877929688,786.5499877929688,2097.199951171875,529.1500244140625,54.04999923706055,42.900001525878906,1068.25,306.8999938964844,109.5199966430664,54.0,242.8000030517578,64.94999694824219,179.0500030517578,14.649999618530273
2021-11-10,1555.25,749.3499755859375,780.9000244140625,2076.050048828125,524.4000244140625,52.150001525878906,42.25,1032.199951171875,311.1499938964844,95.26000213623047,54.849998474121094,235.9499969482422,64.30000305175781,175.8000030517578,14.449999809265137
2021-11-11,1548.300048828125,738.0499877929688,771.4500122070312,2054.10009765625,509.6000061035156,49.599998474121094,41.849998474121094,1033.300048828125,306.8500061035156,98.12000274658203,53.29999923706055,231.60000610351562,62.25,172.3000030517578,14.25
2021-11-12,1553.0,736.0499877929688,776.5999755859375,2074.699951171875,511.3500061035156,50.0,41.75,1037.050048828125,310.8999938964844,107.58000183105469,52.849998474121094,230.8000030517578,61.75,168.9499969482422,14.100000381469727
2021-11-15,1557.25,733.25,773.2999877929688,2097.300048828125,506.54998779296875,48.75,41.599998474121094,1041.5,312.6000061035156,108.05999755859375,52.900001525878906,227.60000610351562,61.349998474121094,165.8000030517578,13.949999809265137
2021-11-16,1548.0,726.1500244140625,764.0499877929688,2082.85009765625,495.1000061035156,46.849998474121094,41.099998474121094,1020.9000244140625,316.29998779296875,116.18000030517578,52.54999923706055,222.0500030517578,59.79999923706055,164.0500030517578,13.600000381469727
2021-11-17,1530.800048828125,712.3499755859375,761.2999877929688,2053.10009765625,498.1499938964844,47.349998474121094,40.650001525878906,1034.0,311.20001220703125,124.69999694824219,51.0,220.0500030517578,59.5,162.8000030517578,13.649999618530273
2021-11-18,1539.4000244140625,706.3499755859375,762.9000244140625,2024.449951171875,503.79998779296875,46.900001525878906,41.650001525878906,1008.4500122070312,305.45001220703125,126.12000274658203,51.650001525878906,219.5500030517578,59.04999923706055,160.1999969482422,13.600000381469727
2021-11-22,1515.3499755859375,686.4000244140625,752.0,1955.449951171875,486.3999938964844,43.849998474121094,39.900001525878906,1006.9000244140625,296.8999938964844,120.22000122070312,47.79999923706055,211.8000030517578,56.95000076293945,143.6999969482422,13.350000381469727
2021-11-23,1515.550048828125,685.6500244140625,751.8499755859375,1982.9000244140625,493.04998779296875,46.900001525878906,40.650001525878906,981.3499755859375,306.5,114.87000274658203,48.75,216.10000610351562,58.5,151.0,13.350000381469727
2021-11-24,1518.050048828125,685.1500244140625,760.2000122070312,2011.4000244140625,493.1499938964844,46.29999923706055,40.45000076293945,970.4000244140625,309.1000061035156,124.2300033569336,48.900001525878906,213.5,58.349998474121094,156.8000030517578,13.649999618530273
2021-11-26,1489.9000244140625,661.75,722.2000122070312,1964.300048828125,470.5,43.70000076293945,38.5,901.7999877929688,282.6499938964844,122.6500015258789,46.70000076293945,202.64999389648438,56.70000076293945,147.6999969482422,13.100000381469727
2021-11-29,1501.25,651.0999755859375,718.4000244140625,2019.5999755859375,465.1000061035156,43.25,37.599998474121094,895.4500122070312,268.8500061035156,129.36000061035156,44.20000076293945,199.25,54.849998474121094,142.9499969482422,12.899999618530273
2021-11-30,1493.550048828125,655.6500244140625,714.3499755859375,1961.9000244140625,460.54998779296875,43.0,37.29999923706055,883.0,272.45001220703125,126.0999984741211,45.45000076293945,199.14999389648438,54.29999923706055,142.8000030517578,12.949999809265137
2021-12-01,1504.6500244140625,679.5999755859375,727.7000122070312,1953.3499755859375,475.29998779296875,45.45000076293945,38.349998474121094,933.6500244140625,276.20001220703125,113.41000366210938,45.95000076293945,206.6999969482422,54.099998474121094,143.35000610351562,13.0
2021-12-02,1525.75,676.0999755859375,722.4000244140625,1964.25,477.0,46.29999923706055,38.5,945.5499877929688,278.79998779296875,116.91999816894531,47.099998474121094,207.14999389648438,54.349998474121094,143.6999969482422,13.100000381469727
2021-12-03,1513.550048828125,673.0,716.2999877929688,1914.199951171875,473.1499938964844,45.95000076293945,38.5,951.1500244140625,277.29998779296875,113.79000091552734,46.70000076293945,206.5,54.099998474121094,142.64999389648438,13.0
2021-12-06,1503.800048828125,663.0999755859375,709.5499877929688,1885.199951171875,465.29998779296875,44.75,38.0,915.6500244140625,271.3500061035156,113.25,45.54999923706055,202.5500030517578,53.75,144.9499969482422,13.0
2021-12-07,1525.699951171875,687.0,734.6500244140625,1937.1500244140625,476.70001220703125,46.54999923706055,38.5,926.6500244140625,278.5,115.98999786376953,47.95000076293945,209.14999389648438,53.95000076293945,146.1999969482422,13.100000381469727
2021-12-08,1553.800048828125,697.0999755859375,753.4000244140625,1920.449951171875,491.54998779296875,47.0,39.349998474121094,945.2999877929688,282.8500061035156,124.77999877929688,48.900001525878906,214.6999969482422,54.79999923706055,153.6999969482422,13.300000190734863
2021-12-09,1526.8499755859375,693.9500122070312,755.0,1916.3499755859375,488.6499938964844,47.099998474121094,39.5,946.4000244140625,281.79998779296875,116.30000305175781,48.650001525878906,215.0,54.849998474121094,153.39999389648438,13.399999618530273
2021-12-10,1522.550048828125,688.0499877929688,758.0,1896.75,494.70001220703125,48.70000076293945,40.75,944.75,280.04998779296875,115.88999938964844,53.95000076293945,222.14999389648438,57.20000076293945,160.1999969482422,13.75
2021-12-13,1511.1500244140625,704.0,754.0,1873.0999755859375,487.79998779296875,47.70000076293945,40.25,938.5499877929688,282.25,111.7699966430664,51.5,217.1999969482422,57.25,159.10000610351562,13.699999809265137
2021-12-14,1502.449951171875,710.9000244140625,758.6500244140625,1840.4000244140625,488.54998779296875,47.599998474121094,40.150001525878906,946.0499877929688,280.3500061035156,107.66999816894531,51.25,215.60000610351562,56.150001525878906,154.5,13.600000381469727
2021-12-15,1500.0,712.5,752.25,1867.4000244140625,484.79998779296875,46.79999923706055,39.75,938.5499877929688,277.8999938964844,97.94999694824219,51.400001525878906,211.25,55.75,151.9499969482422,13.399999618530273
2021-12-16,1500.0999755859375,709.6500244140625,741.1500244140625,1860.75,481.1499938964844,46.150001525878906,39.400001525878906,928.2999877929688,275.45001220703125,95.20999908447266,49.400001525878906,212.1999969482422,54.849998474121094,149.3000030517578,13.300000190734863
2021-12-17,1473.050048828125,688.9000244140625,728.2999877929688,1793.800048828125,467.79998779296875,44.099998474121094,38.0,883.0,267.04998779296875,102.4000015258789,46.04999923706055,202.10000610351562,52.70000076293945,142.25,13.050000190734863
2021-12-20,1425.6500244140625,674.3499755859375,709.9500122070312,1742.5,449.20001220703125,42.099998474121094,36.75,846.0999755859375,246.5500030517578,98.69000244140625,45.54999923706055,190.85000610351562,49.54999923706055,137.35000610351562,12.600000381469727
2021-12-21,1441.800048828125,665.8499755859375,720.3499755859375,1736.550048828125,446.0,42.400001525878906,36.95000076293945,857.2000122070312,246.1999969482422,102.58999633789062,45.95000076293945,192.1999969482422,50.79999923706055,138.4499969482422,12.75
2021-12-22,1445.199951171875,669.3499755859375,732.7999877929688,1762.4000244140625,455.8500061035156,43.400001525878906,37.45000076293945,871.75,252.8000030517578,102.7699966430664,45.79999923706055,197.6999969482422,51.54999923706055,137.5500030517578,12.899999618530273
2021-12-23,1444.0999755859375,678.7999877929688,731.2999877929688,1775.5999755859375,461.79998779296875,44.5,38.0,871.0999755859375,259.0,101.81999969482422,47.849998474121094,200.5,52.70000076293945,141.5,13.0
2021-12-27,1450.800048828125,672.1500244140625,736.0,1773.449951171875,458.04998779296875,42.95000076293945,37.25,855.25,252.89999389648438,105.01000213623047,47.75,195.60000610351562,51.099998474121094,136.10000610351562,12.850000381469727
2021-12-28,1460.800048828125,675.4500122070312,735.7999877929688,1774.9000244140625,461.20001220703125,44.150001525878906,37.29999923706055,852.6500244140625,253.75,98.73999786376953,47.900001525878906,197.85000610351562,51.349998474121094,141.0,12.949999809265137
2021-12-29,1453.8499755859375,670.5,735.7000122070312,1764.199951171875,454.3999938964844,43.54999923706055,37.150001525878906,870.0,250.10000610351562,97.33999633789062,46.95000076293945,196.6999969482422,51.349998474121094,139.64999389648438,12.949999809265137
2021-12-30,1461.5,668.8499755859375,735.7000122070312,1755.25,451.70001220703125,42.79999923706055,37.150001525878906,885.4000244140625,248.8000030517578,100.52999877929688,46.099998474121094,195.0,50.849998474121094,137.89999389648438,12.899999618530273
2021-12-31,1479.4000244140625,678.5499877929688,740.1500244140625,1796.0999755859375,460.45001220703125,43.400001525878906,37.29999923706055,888.1500244140625,252.6999969482422,103.16000366210938,46.400001525878906,199.9499969482422,51.400001525878906,139.60000610351562,13.0
2022-01-03,1519.6500244140625,696.3499755859375,764.7000122070312,1824.449951171875,470.79998779296875,44.150001525878906,38.0,912.2999877929688,252.39999389648438,98.80999755859375,47.45000076293945,205.4499969482422,52.650001525878906,142.14999389648438,13.199999809265137
2022-01-04,1528.550048828125,709.1500244140625,772.8499755859375,1852.5999755859375,483.5,44.349998474121094,38.349998474121094,904.4000244140625,254.5500030517578,95.1500015258789,47.400001525878906,206.5500030517578,52.95000076293945,143.75,13.199999809265137
2022-01-05,1564.8499755859375,726.9000244140625,788.0499877929688,1922.1500244140625,492.3999938964844,45.5,38.75,903.9500122070312,263.45001220703125,88.54000091552734,50.79999923706055,211.0,54.099998474121094,144.25,13.300000190734863
2022-01-06,1539.75,730.2999877929688,785.0499877929688,1891.9000244140625,491.70001220703125,46.20000076293945,38.79999923706055,921.7000122070312,264.45001220703125,89.19999694824219,51.349998474121094,212.5,53.95000076293945,143.10000610351562,13.199999809265137
2022-01-07,1550.550048828125,730.5999755859375,793.25,1904.25,491.25,45.20000076293945,38.900001525878906,922.25,271.04998779296875,84.37000274658203,50.25,212.3000030517578,54.45000076293945,144.14999389648438,13.25
2022-01-10,1559.1500244140625,742.7999877929688,810.75,1947.949951171875,503.6499938964844,46.0,40.349998474121094,920.8499755859375,274.0,85.5199966430664,51.79999923706055,219.6999969482422,55.45000076293945,148.5,13.5
2022-01-11,1565.9000244140625,743.25,810.6500244140625,1936.800048828125,505.95001220703125,45.20000076293945,39.95000076293945,917.9500122070312,277.3500061035156,89.04000091552734,50.900001525878906,221.39999389648438,54.70000076293945,145.6999969482422,13.300000190734863
2022-01-12,1556.6500244140625,746.8499755859375,823.75,1956.5999755859375,510.25,45.45000076293945,40.0,941.5499877929688,283.6499938964844,89.05999755859375,50.400001525878906,222.75,54.650001525878906,145.85000610351562,13.199999809265137
2022-01-13,1528.0,740.7000122070312,824.7000122070312,1926.3499755859375,511.3500061035156,46.20000076293945,40.20000076293945,927.0999755859375,294.54998779296875,80.18000030517578,52.400001525878906,225.35000610351562,54.20000076293945,144.9499969482422,13.25
2022-01-14,1545.1500244140625,721.7000122070312,820.0,1938.199951171875,508.3500061035156,45.599998474121094,40.150001525878906,920.0499877929688,296.54998779296875,79.05000305175781,51.599998474121094,227.64999389648438,54.400001525878906,146.0500030517578,13.199999809265137
2022-01-18,1529.25,725.2000122070312,823.0999755859375,1942.1500244140625,506.79998779296875,44.599998474121094,39.099998474121094,899.6500244140625,295.25,77.20999908447266,50.70000076293945,223.10000610351562,53.20000076293945,141.5,13.199999809265137
2022-01-19,1518.449951171875,729.5999755859375,808.5999755859375,1905.6500244140625,515.7999877929688,45.0,40.0,893.25,303.6000061035156,76.16000366210938,50.75,228.39999389648438,54.099998474121094,141.75,13.199999809265137
2022-01-20,1509.0,728.9000244140625,810.25,1892.5999755859375,511.3999938964844,44.95000076293945,40.0,877.2000122070312,299.95001220703125,75.38999938964844,50.54999923706055,228.4499969482422,53.79999923706055,141.89999389648438,13.149999618530273
2022-01-21,1521.5999755859375,712.5,804.5,1893.75,502.70001220703125,43.599998474121094,38.79999923706055,854.0999755859375,295.5,68.93000030517578,48.650001525878906,215.60000610351562,52.29999923706055,139.3000030517578,12.899999618530273
2022-01-24,1486.6500244140625,704.5999755859375,798.4500122070312,1830.9000244140625,494.1499938964844,42.150001525878906,38.0,851.25,307.8500061035156,70.73999786376953,45.95000076293945,208.6999969482422,51.150001525878906,134.5500030517578,12.649999618530273
2022-01-25,1488.050048828125,752.2000122070312,801.6500244140625,1854.6500244140625,514.6500244140625,42.650001525878906,39.400001525878906,884.25,324.1499938964844,65.29000091552734,48.599998474121094,221.39999389648438,52.349998474121094,135.35000610351562,12.949999809265137
2022-01-27,1474.949951171875,773.8499755859375,794.6500244140625,1889.25,528.9500122070312,46.45000076293945,41.150001525878906,888.0999755859375,322.3500061035156,57.060001373291016,49.95000076293945,240.8000030517578,55.150001525878906,145.85000610351562,13.350000381469727
2022-01-28,1463.25,764.7000122070312,781.1500244140625,1898.300048828125,523.4500122070312,47.04999923706055,40.849998474121094,903.5499877929688,316.95001220703125,58.18000030517578,48.5,238.89999389648438,55.25,150.10000610351562,13.449999809265137
2022-01-31,1485.699951171875,773.0499877929688,788.7999877929688,1857.25,538.2999877929688,47.400001525878906,41.54999923706055,872.0999755859375,315.54998779296875,65.86000061035156,48.25,252.9499969482422,54.29999923706055,156.6999969482422,13.600000381469727
2022-02-01,1497.0,781.9000244140625,810.2999877929688,1882.300048828125,532.2999877929688,46.54999923706055,41.29999923706055,922.2999877929688,319.25,67.75,47.95000076293945,258.75,55.04999923706055,153.0500030517578,13.550000190734863
2022-02-02,1531.199951171875,804.0999755859375,813.75,1942.5999755859375,539.7999877929688,49.79999923706055,42.79999923706055,975.3499755859375,320.54998779296875,66.16999816894531,49.20000076293945,269.6499938964844,57.75,168.14999389648438,13.800000190734863
2022-02-03,1515.3499755859375,799.5499877929688,808.9500122070312,1909.050048828125,540.0999755859375,47.95000076293945,42.599998474121094,958.3499755859375,324.25,60.66999816894531,51.54999923706055,264.8999938964844,58.45000076293945,168.0500030517578,13.649999618530273
2022-02-04,1524.0,798.5499877929688,805.0499877929688,1884.199951171875,530.2999877929688,48.0,41.5,956.0499877929688,319.3999938964844,63.7400016784668,50.20000076293945,261.0,56.5,168.4499969482422,13.449999809265137
2022-02-07,1468.1500244140625,789.5999755859375,786.4000244140625,1828.449951171875,533.25,47.599998474121094,41.70000076293945,933.0499877929688,320.75,63.060001373291016,49.400001525878906,258.1000061035156,57.75,158.9499969482422,13.399999618530273
2022-02-08,1461.8499755859375,798.5499877929688,792.5,1817.800048828125,531.3499755859375,47.70000076293945,42.0,937.7000122070312,319.1499938964844,64.43000030517578,48.70000076293945,260.70001220703125,57.349998474121094,155.64999389648438,13.300000190734863
2022-02-09,1497.5999755859375,803.8499755859375,802.7999877929688,1835.0,535.25,47.20000076293945,41.599998474121094,967.1500244140625,321.20001220703125,70.4800033569336,48.400001525878906,260.25,56.650001525878906,155.60000610351562,13.25
2022-02-10,1525.0999755859375,809.7999877929688,805.5,1867.199951171875,540.5499877929688,47.150001525878906,40.79999923706055,972.3499755859375,321.45001220703125,69.91999816894531,48.54999923706055,258.79998779296875,56.25,157.8000030517578,13.25
2022-02-11,1518.8499755859375,803.7999877929688,790.7999877929688,1828.25,529.5999755859375,46.29999923706055,39.75,982.4000244140625,317.8500061035156,66.80999755859375,47.650001525878906,251.5,55.150001525878906,153.14999389648438,13.0
2022-02-14,1473.699951171875,773.3499755859375,753.7000122070312,1746.8499755859375,501.3999938964844,42.849998474121094,37.099998474121094,941.5999755859375,310.6000061035156,68.31999969482422,45.150001525878906,234.75,52.150001525878906,149.0,12.550000190734863
2022-02-15,1517.800048828125,796.9500122070312,776.0499877929688,1813.0999755859375,524.7999877929688,43.70000076293945,38.400001525878906,969.7000122070312,326.3500061035156,73.30000305175781,47.20000076293945,247.9499969482422,53.349998474121094,153.8000030517578,12.75
2022-02-16,1515.75,797.0499877929688,764.0499877929688,1830.050048828125,516.7000122070312,44.29999923706055,38.54999923706055,968.4000244140625,323.0,53.869998931884766,48.75,244.3000030517578,53.0,152.10000610351562,12.800000190734863
2022-02-17,1506.5,782.7999877929688,750.3499755859375,1817.300048828125,512.9500122070312,43.75,38.04999923706055,955.7999877929688,321.95001220703125,54.4900016784668,47.70000076293945,239.39999389648438,52.20000076293945,151.8000030517578,12.699999809265137
2022-02-18,1512.3499755859375,787.4000244140625,748.9000244140625,1826.550048828125,515.2999877929688,43.349998474121094,37.75,955.3499755859375,319.3500061035156,49.720001220703125,47.29999923706055,238.25,52.54999923706055,152.0500030517578,12.600000381469727
2022-02-22,1510.699951171875,779.1500244140625,751.2999877929688,1841.75,498.3999938964844,40.900001525878906,37.20000076293945,939.0999755859375,307.6000061035156,48.209999084472656,44.150001525878906,230.4499969482422,50.20000076293945,145.4499969482422,12.199999809265137
2022-02-23,1500.9000244140625,777.2000122070312,744.5999755859375,1886.0999755859375,498.70001220703125,42.54999923706055,37.349998474121094,950.7000122070312,315.45001220703125,45.68000030517578,45.099998474121094,229.14999389648438,51.0,149.5500030517578,12.300000190734863
2022-02-24,1419.4000244140625,730.2999877929688,707.4000244140625,1794.8499755859375,472.6499938964844,38.5,32.0,875.6500244140625,291.1499938964844,50.099998474121094,41.150001525878906,208.3000030517578,44.25,136.64999389648438,11.300000190734863
2022-02-25,1456.0999755859375,758.0499877929688,730.0499877929688,1856.699951171875,482.95001220703125,40.099998474121094,34.95000076293945,927.0499877929688,307.25,50.04999923706055,43.70000076293945,218.4499969482422,46.79999923706055,141.35000610351562,11.75
2022-02-28,1426.25,742.4000244140625,742.7000122070312,1842.75,483.20001220703125,40.150001525878906,34.900001525878906,920.7000122070312,306.29998779296875,51.56999969482422,44.0,219.60000610351562,46.849998474121094,143.14999389648438,11.800000190734863
2022-03-02,1374.25,750.25,714.8499755859375,1806.0,474.25,41.150001525878906,35.349998474121094,906.3499755859375,292.5,48.45000076293945,43.099998474121094,216.14999389648438,47.75,142.5,11.850000381469727
2022-03-03,1371.0,737.6500244140625,698.2999877929688,1792.25,467.3999938964844,41.20000076293945,35.099998474121094,912.25,284.04998779296875,45.2400016784668,43.29999923706055,214.9499969482422,47.04999923706055,144.25,11.899999618530273
2022-03-04,1366.5,715.0,688.0499877929688,1752.1500244140625,461.95001220703125,40.099998474121094,34.599998474121094,901.9000244140625,273.20001220703125,42.290000915527344,42.099998474121094,210.14999389648438,46.70000076293945,142.0500030517578,11.800000190734863
2022-03-07,1324.800048828125,667.5499877929688,653.75,1711.9000244140625,440.29998779296875,38.0,34.20000076293945,834.4000244140625,253.85000610351562,41.29999923706055,40.900001525878906,200.85000610351562,46.25,132.4499969482422,11.5
2022-03-08,1327.800048828125,670.4000244140625,665.0,1723.0999755859375,440.29998779296875,38.45000076293945,34.900001525878906,840.7000122070312,261.6000061035156,41.90999984741211,41.900001525878906,209.35000610351562,47.349998474121094,144.75,11.649999618530273
2022-03-09,1371.1500244140625,674.2000122070312,667.4500122070312,1739.0999755859375,451.70001220703125,39.599998474121094,35.599998474121094,875.3499755859375,266.75,44.380001068115234,42.900001525878906,212.0,48.099998474121094,146.0500030517578,11.75
2022-03-10,1392.699951171875,694.9500122070312,676.5999755859375,1754.3499755859375,468.70001220703125,40.04999923706055,35.95000076293945,904.2999877929688,266.5,41.470001220703125,43.0,214.39999389648438,48.599998474121094,148.75,11.899999618530273
2022-03-11,1396.800048828125,690.8499755859375,677.9000244140625,1763.0,470.3500061035156,39.900001525878906,36.25,901.75,262.8999938964844,39.2400016784668,42.95000076293945,217.9499969482422,48.70000076293945,148.4499969482422,11.899999618530273
